timestamp,top20elec,top20heat,top50elec,top50heat,allelec,allheat
2024-01-01T00:00:00+00:00,7543,30925,18114,78457,44192,166261
2024-01-01T01:00:00+00:00,6266,26796,18184,76269,46901,170012
2024-01-01T02:00:00+00:00,5920,27819,25070,103767,47823,187735
2024-01-01T03:00:00+00:00,6904,35888,21992,99117,52645,198663
2024-01-01T04:00:00+00:00,5467,27589,20846,91016,65049,240973
2024-01-01T05:00:00+00:00,7447,32483,22030,96027,67355,254326
2024-01-01T06:00:00+00:00,6117,31202,19304,89553,71876,285859
2024-01-01T07:00:00+00:00,7484,35766,22445,98673,69888,264041
2024-01-01T08:00:00+00:00,7087,32506,21191,93283,64262,249624
2024-01-01T09:00:00+00:00,9588,47094,23392,105846,67129,254993
2024-01-01T10:00:00+00:00,8303,39196,19744,88718,65106,252041
2024-01-01T11:00:00+00:00,8386,39955,19036,87077,60605,237961
2024-01-01T12:00:00+00:00,6725,33877,15047,71170,50859,199168
2024-01-01T13:00:00+00:00,6900,28907,15877,64435,72062,263503
2024-01-01T14:00:00+00:00,6045,30198,17448,74262,64143,236891
2024-01-01T15:00:00+00:00,6445,32455,19701,88725,66524,264715
2024-01-01T16:00:00+00:00,6939,34150,19963,89134,53537,212360
2024-01-01T17:00:00+00:00,6942,32091,21331,89956,53165,199099
2024-01-01T18:00:00+00:00,5113,25306,17569,76438,59652,231156
2024-01-01T19:00:00+00:00,6119,30901,17990,81968,55942,226924
2024-01-01T20:00:00+00:00,6201,31805,16166,79533,47743,200844
2024-01-01T21:00:00+00:00,4630,23641,15350,72368,49526,199592
2024-01-01T22:00:00+00:00,4412,24118,10189,45849,29421,116793
2024-01-01T23:00:00+00:00,3556,17523,10851,50488,28492,110815
2024-01-02T00:00:00+00:00,5980,26880,14164,63596,30688,123613
2024-01-02T01:00:00+00:00,3798,19335,12382,59647,31143,119612
2024-01-02T02:00:00+00:00,4301,22669,14848,71039,34640,145668
2024-01-02T03:00:00+00:00,5020,26808,16505,81570,36536,165525
2024-01-02T04:00:00+00:00,4288,22351,15092,70782,56326,219487
2024-01-02T05:00:00+00:00,5213,23282,15019,74317,47516,199688
2024-01-02T06:00:00+00:00,4335,19842,13659,70089,53055,229173
2024-01-02T07:00:00+00:00,8060,41835,16883,86108,51424,228255
2024-01-02T08:00:00+00:00,6304,35361,15365,82787,47799,221916
2024-01-02T09:00:00+00:00,4857,27238,12618,69494,42370,188592
2024-01-02T10:00:00+00:00,3702,19993,13818,72278,46235,203468
2024-01-02T11:00:00+00:00,4284,23847,14643,75783,44992,199984
2024-01-02T12:00:00+00:00,3580,18983,14811,75138,45880,199651
2024-01-02T13:00:00+00:00,5912,29170,15033,71285,55592,219489
2024-01-02T14:00:00+00:00,5202,26661,15022,77315,53915,226434
2024-01-02T15:00:00+00:00,6500,32725,18610,90553,53572,224721
2024-01-02T16:00:00+00:00,8720,38530,18039,89037,48788,214313
2024-01-02T17:00:00+00:00,5246,27241,17388,84697,50058,209470
2024-01-02T18:00:00+00:00,6581,33212,19776,98312,48297,205696
2024-01-02T19:00:00+00:00,6098,31026,21823,103885,52932,228432
2024-01-02T20:00:00+00:00,6486,33368,19749,93687,53078,211772
2024-01-02T21:00:00+00:00,4003,19872,17394,86122,40331,171611
2024-01-02T22:00:00+00:00,5117,27743,13499,74042,29974,137227
2024-01-02T23:00:00+00:00,3751,19244,13662,73670,29061,135622
2024-01-03T00:00:00+00:00,6950,29901,16943,85342,37956,159794
2024-01-03T01:00:00+00:00,7607,31201,22636,102504,47528,198228
2024-01-03T02:00:00+00:00,5851,30411,19115,95971,37175,165588
2024-01-03T03:00:00+00:00,4796,23915,15559,84788,44619,189591
2024-01-03T04:00:00+00:00,5545,29276,23090,107644,60810,233851
2024-01-03T05:00:00+00:00,6602,29612,21371,105673,53928,229806
2024-01-03T06:00:00+00:00,5407,22945,18565,89686,65806,265091
2024-01-03T07:00:00+00:00,6423,34191,21047,105265,62105,262029
2024-01-03T08:00:00+00:00,6049,31692,20309,98815,56330,243089
2024-01-03T09:00:00+00:00,5900,30728,19200,95058,54149,235164
2024-01-03T10:00:00+00:00,5773,29584,17979,82703,49225,207804
2024-01-03T11:00:00+00:00,6018,30045,17630,81446,50242,214655
2024-01-03T12:00:00+00:00,4263,23495,17094,76002,48603,194422
2024-01-03T13:00:00+00:00,5665,26252,16165,70945,57383,216622
2024-01-03T14:00:00+00:00,7219,38950,18719,87532,57513,228526
2024-01-03T15:00:00+00:00,6265,32396,17971,91444,60141,256670
2024-01-03T16:00:00+00:00,7563,37348,19593,96934,48357,205002
2024-01-03T17:00:00+00:00,6167,32480,22532,100468,53765,208160
2024-01-03T18:00:00+00:00,8513,41358,18450,89888,49525,213368
2024-01-03T19:00:00+00:00,6668,33960,25890,113033,58305,241762
2024-01-03T20:00:00+00:00,5760,27861,19568,89876,51721,210856
2024-01-03T21:00:00+00:00,5009,25337,12502,61550,49014,209610
2024-01-03T22:00:00+00:00,4205,20986,13769,65900,38650,150865
2024-01-03T23:00:00+00:00,3945,18901,14910,71411,25780,112902
2024-01-04T00:00:00+00:00,4767,24453,15324,75387,39185,156951
2024-01-04T01:00:00+00:00,7821,30736,18476,77831,38013,146176
2024-01-04T02:00:00+00:00,7160,31594,21196,94881,40581,164141
2024-01-04T03:00:00+00:00,7219,30115,22593,101256,47617,197499
2024-01-04T04:00:00+00:00,4915,24823,18823,85989,54510,206589
2024-01-04T05:00:00+00:00,8229,34150,21969,96515,67143,263646
2024-01-04T06:00:00+00:00,8212,36157,22036,99134,73964,287322
2024-01-04T07:00:00+00:00,8138,37100,27719,123235,76368,295472
2024-01-04T08:00:00+00:00,9009,39913,23719,104586,68946,266993
2024-01-04T09:00:00+00:00,9052,41282,22356,101325,67904,261818
2024-01-04T10:00:00+00:00,6892,29575,22618,98479,61575,244805
2024-01-04T11:00:00+00:00,4561,21680,18916,79556,54325,211023
2024-01-04T12:00:00+00:00,4585,22567,18212,82983,52388,208405
2024-01-04T13:00:00+00:00,6481,33210,22385,98728,65786,256545
2024-01-04T14:00:00+00:00,7190,35390,27631,119730,73436,293812
2024-01-04T15:00:00+00:00,8445,39934,23777,106391,66471,271526
2024-01-04T16:00:00+00:00,8051,37108,20668,95829,68804,257687
2024-01-04T17:00:00+00:00,9258,43521,28175,125188,68642,255286
2024-01-04T18:00:00+00:00,6135,27643,23756,104292,60742,232170
2024-01-04T19:00:00+00:00,6418,29353,23091,92753,70835,260406
2024-01-04T20:00:00+00:00,10582,49521,26994,119598,69354,267466
2024-01-04T21:00:00+00:00,5925,27609,19989,87569,58441,221779
2024-01-04T22:00:00+00:00,8531,32868,22103,88922,59239,217209
2024-01-04T23:00:00+00:00,7903,33186,21281,82478,39480,142569
2024-01-05T00:00:00+00:00,9307,37711,20399,82433,51367,180818
2024-01-05T01:00:00+00:00,9430,38795,30007,115009,67543,248205
2024-01-05T02:00:00+00:00,7812,32119,27215,106796,60677,218275
2024-01-05T03:00:00+00:00,9326,38192,29179,118259,70082,248808
2024-01-05T04:00:00+00:00,9606,39198,30820,118063,82100,276891
2024-01-05T05:00:00+00:00,8123,34024,25605,106062,78491,285319
2024-01-05T06:00:00+00:00,11109,46477,28340,108492,85597,308281
2024-01-05T07:00:00+00:00,9437,36097,30120,118794,76563,285101
2024-01-05T08:00:00+00:00,8456,33852,31703,131813,79612,299218
2024-01-05T09:00:00+00:00,9316,44742,33456,145392,85669,321561
2024-01-05T10:00:00+00:00,7149,34194,23950,102888,75890,282107
2024-01-05T11:00:00+00:00,5885,28820,18542,78848,60148,232536
2024-01-05T12:00:00+00:00,5592,27978,18230,83445,60524,233202
2024-01-05T13:00:00+00:00,7507,37449,23980,102529,65794,245401
2024-01-05T14:00:00+00:00,5254,26800,22320,94221,68886,254150
2024-01-05T15:00:00+00:00,7614,34906,21408,99502,72303,291210
2024-01-05T16:00:00+00:00,8420,38903,24611,109179,66200,254945
2024-01-05T17:00:00+00:00,8932,36724,25180,102011,66182,240818
2024-01-05T18:00:00+00:00,6850,32793,28365,125633,65558,262631
2024-01-05T19:00:00+00:00,5993,29552,23549,101840,67350,263943
2024-01-05T20:00:00+00:00,7130,35975,24716,113928,68240,266440
2024-01-05T21:00:00+00:00,6772,32392,21330,93364,66047,247370
2024-01-05T22:00:00+00:00,5014,24353,19819,82987,46621,175659
2024-01-05T23:00:00+00:00,6998,32555,18394,79127,41767,159520
2024-01-06T00:00:00+00:00,9019,38408,23689,95531,49960,179572
2024-01-06T01:00:00+00:00,10301,42447,30655,113292,64423,224406
2024-01-06T02:00:00+00:00,7405,35482,30384,120095,61913,225419
2024-01-06T03:00:00+00:00,7377,34414,26906,112317,61526,231181
2024-01-06T04:00:00+00:00,9213,45415,34695,139016,85923,304863
2024-01-06T05:00:00+00:00,9900,42438,30561,123610,91016,328926
2024-01-06T06:00:00+00:00,8111,32164,27252,101102,96504,325120
2024-01-06T07:00:00+00:00,12513,56599,33041,130275,92521,322744
2024-01-06T08:00:00+00:00,9997,41833,31011,125131,86559,305834
2024-01-06T09:00:00+00:00,9401,41701,31564,129337,88186,297289
2024-01-06T10:00:00+00:00,11434,46434,32266,126938,93944,320712
2024-01-06T11:00:00+00:00,7515,35839,25113,105911,69517,257346
2024-01-06T12:00:00+00:00,5950,28521,21231,87548,58105,218919
2024-01-06T13:00:00+00:00,7138,36840,22697,96368,67855,255576
2024-01-06T14:00:00+00:00,7316,35219,24134,101390,63079,247356
2024-01-06T15:00:00+00:00,6878,33051,22980,100732,73687,283758
2024-01-06T16:00:00+00:00,9701,46737,26745,117132,71169,271465
2024-01-06T17:00:00+00:00,10871,44939,31498,123833,80614,268457
2024-01-06T18:00:00+00:00,9417,40130,31212,129670,80752,302194
2024-01-06T19:00:00+00:00,9744,41791,28101,114979,83310,293874
2024-01-06T20:00:00+00:00,8504,34433,25886,100587,82622,278408
2024-01-06T21:00:00+00:00,9267,34898,26056,99545,73002,246533
2024-01-06T22:00:00+00:00,8393,39656,24197,95113,62243,210572
2024-01-06T23:00:00+00:00,8287,33164,22220,85226,52915,178207
2024-01-07T00:00:00+00:00,9803,38329,26393,94579,65417,210374
2024-01-07T01:00:00+00:00,9976,43611,33698,121926,73735,228742
2024-01-07T02:00:00+00:00,9521,37579,34314,122049,76236,251157
2024-01-07T03:00:00+00:00,9764,37012,31810,111754,88540,273931
2024-01-07T04:00:00+00:00,10420,41578,35721,123950,97135,298508
2024-01-07T05:00:00+00:00,11661,41200,30385,109221,91429,287642
2024-01-07T06:00:00+00:00,9315,33105,31944,107272,110621,327317
2024-01-07T07:00:00+00:00,13398,53014,31229,119550,102833,318948
2024-01-07T08:00:00+00:00,11564,41001,36171,131255,103707,334640
2024-01-07T09:00:00+00:00,10431,35254,37274,133105,103233,326102
2024-01-07T10:00:00+00:00,9875,42059,34900,137614,105539,343551
2024-01-07T11:00:00+00:00,8495,36513,27416,99826,91047,290469
2024-01-07T12:00:00+00:00,6320,26511,23561,96570,74773,257296
2024-01-07T13:00:00+00:00,8043,36128,27724,103641,83735,268030
2024-01-07T14:00:00+00:00,8067,29322,32185,111761,87014,283842
2024-01-07T15:00:00+00:00,8475,34535,29121,116272,91799,308201
2024-01-07T16:00:00+00:00,12039,48978,34977,131688,87544,294416
2024-01-07T17:00:00+00:00,9792,37068,31233,115952,91286,282750
2024-01-07T18:00:00+00:00,10074,35955,30734,111597,84982,287280
2024-01-07T19:00:00+00:00,11146,42822,37571,135224,102811,336709
2024-01-07T20:00:00+00:00,10054,36769,35399,120306,98010,313021
2024-01-07T21:00:00+00:00,10609,41897,32336,114013,100218,322310
2024-01-07T22:00:00+00:00,11427,43078,28772,105762,72812,235479
2024-01-07T23:00:00+00:00,7653,27639,26716,98567,59647,196961
2024-01-08T00:00:00+00:00,13259,50125,33137,117981,74932,232131
2024-01-08T01:00:00+00:00,11489,43031,34837,124001,80789,254064
2024-01-08T02:00:00+00:00,10096,42054,36424,135754,90149,289021
2024-01-08T03:00:00+00:00,11580,43860,35601,128682,100632,313337
2024-01-08T04:00:00+00:00,9553,38411,36538,133652,98838,304058
2024-01-08T05:00:00+00:00,9727,36005,34039,126348,106187,327960
2024-01-08T06:00:00+00:00,8854,34008,32366,122427,114157,360717
2024-01-08T07:00:00+00:00,9658,38460,37107,137518,118825,373765
2024-01-08T08:00:00+00:00,9960,40209,38320,133860,111305,347890
2024-01-08T09:00:00+00:00,8175,34078,36057,143890,109983,366031
2024-01-08T10:00:00+00:00,8827,36986,35382,135144,104559,344751
2024-01-08T11:00:00+00:00,12212,51171,37025,142709,105350,350272
2024-01-08T12:00:00+00:00,9265,39899,30903,117352,93526,303968
2024-01-08T13:00:00+00:00,9827,42991,36087,136088,106045,353858
2024-01-08T14:00:00+00:00,10825,46414,37825,134893,103682,335553
2024-01-08T15:00:00+00:00,10046,41114,37736,144148,113302,367499
2024-01-08T16:00:00+00:00,13096,49933,39186,149362,102830,344489
2024-01-08T17:00:00+00:00,11582,37624,39216,134901,97500,303892
2024-01-08T18:00:00+00:00,12579,45051,40184,141497,99891,316372
2024-01-08T19:00:00+00:00,11227,46584,34739,131444,105780,348896
2024-01-08T20:00:00+00:00,9876,39844,35388,132659,104928,332637
2024-01-08T21:00:00+00:00,10849,41602,35385,125424,108086,344018
2024-01-08T22:00:00+00:00,8606,32511,29626,109226,82066,265870
2024-01-08T23:00:00+00:00,8519,36759,30397,115494,73942,245322
2024-01-09T00:00:00+00:00,12002,48097,33382,121579,77829,249039
2024-01-09T01:00:00+00:00,9804,39286,36958,131352,86961,277998
2024-01-09T02:00:00+00:00,12977,49019,44050,152643,105390,336953
2024-01-09T03:00:00+00:00,12975,47830,42421,152146,107551,343981
2024-01-09T04:00:00+00:00,11953,45183,41139,140339,108207,329681
2024-01-09T05:00:00+00:00,12527,47473,38828,138604,111685,346135
2024-01-09T06:00:00+00:00,10232,36979,35777,118985,120272,363403
2024-01-09T07:00:00+00:00,12309,47736,36059,125622,119752,364040
2024-01-09T08:00:00+00:00,12530,49680,40610,142452,128815,388468
2024-01-09T09:00:00+00:00,10501,41642,39684,142291,124851,381176
2024-01-09T10:00:00+00:00,11883,48228,38689,143071,112015,354004
2024-01-09T11:00:00+00:00,9202,38610,32932,125995,98851,318629
2024-01-09T12:00:00+00:00,8843,35923,33736,129238,96429,321103
2024-01-09T13:00:00+00:00,8346,36606,33659,123534,94379,303976
2024-01-09T14:00:00+00:00,8603,37821,36595,129516,103529,331233
2024-01-09T15:00:00+00:00,8513,39473,27483,107748,98515,325758
2024-01-09T16:00:00+00:00,10030,42079,38726,144483,103740,343701
2024-01-09T17:00:00+00:00,12294,48623,39848,147612,111141,350630
2024-01-09T18:00:00+00:00,15252,58568,45295,162887,114769,370535
2024-01-09T19:00:00+00:00,10943,39528,35883,121625,102108,316106
2024-01-09T20:00:00+00:00,12616,50581,40245,148753,118250,362019
2024-01-09T21:00:00+00:00,11508,44681,36664,129906,111634,338405
2024-01-09T22:00:00+00:00,10479,38833,30793,112896,75045,238782
2024-01-09T23:00:00+00:00,11962,47835,30561,111623,68056,214950
2024-01-10T00:00:00+00:00,11642,44296,38826,138405,92239,283316
2024-01-10T01:00:00+00:00,11530,43172,36478,127322,95989,293173
2024-01-10T02:00:00+00:00,12489,45721,41306,132906,117437,341478
2024-01-10T03:00:00+00:00,13120,47046,41328,133587,113314,327273
2024-01-10T04:00:00+00:00,15328,54546,46450,155171,121894,343561
2024-01-10T05:00:00+00:00,10948,42017,38532,133003,116431,346172
2024-01-10T06:00:00+00:00,11996,45330,37247,125541,120032,345462
2024-01-10T07:00:00+00:00,12300,46310,42911,149610,132845,387680
2024-01-10T08:00:00+00:00,12909,52080,41351,147619,122673,360306
2024-01-10T09:00:00+00:00,11901,43609,40253,142081,115369,339513
2024-01-10T10:00:00+00:00,12784,50194,39896,144964,112938,353067
2024-01-10T11:00:00+00:00,9667,43735,33828,125552,94061,306569
2024-01-10T12:00:00+00:00,9062,38894,33847,127783,86631,293189
2024-01-10T13:00:00+00:00,8786,38718,33719,135363,91133,318699
2024-01-10T14:00:00+00:00,9408,41818,33871,136906,89262,319148
2024-01-10T15:00:00+00:00,9286,40463,29496,122977,91868,325983
2024-01-10T16:00:00+00:00,9926,41507,30149,115711,95115,321114
2024-01-10T17:00:00+00:00,11433,49640,36970,145584,101033,338397
2024-01-10T18:00:00+00:00,8594,37594,35869,139960,103507,347013
2024-01-10T19:00:00+00:00,8564,37331,35331,130258,107984,352915
2024-01-10T20:00:00+00:00,9200,38074,34814,131158,100061,328029
2024-01-10T21:00:00+00:00,8745,36603,33063,117586,94629,309244
2024-01-10T22:00:00+00:00,7743,34164,31957,119667,86167,285582
2024-01-10T23:00:00+00:00,8862,37072,26191,97494,63273,202207
2024-01-11T00:00:00+00:00,9426,39381,31306,110723,73279,231550
2024-01-11T01:00:00+00:00,9427,35952,37393,125941,89667,275808
2024-01-11T02:00:00+00:00,9513,40655,37060,134520,94126,305544
2024-01-11T03:00:00+00:00,10740,39996,37832,127916,99997,310314
2024-01-11T04:00:00+00:00,9681,42451,39522,138424,111597,340390
2024-01-11T05:00:00+00:00,10877,36089,40478,125635,122789,356674
2024-01-11T06:00:00+00:00,9333,35781,33837,112480,111338,323405
2024-01-11T07:00:00+00:00,12563,48206,41423,134804,117569,351797
2024-01-11T08:00:00+00:00,11292,41006,40547,145278,120918,362477
2024-01-11T09:00:00+00:00,10653,44623,39011,140464,110580,339189
2024-01-11T10:00:00+00:00,12292,53061,38897,157925,105222,360855
2024-01-11T11:00:00+00:00,9507,37750,36441,141376,100859,346435
2024-01-11T12:00:00+00:00,6605,28678,29879,111860,87926,292512
2024-01-11T13:00:00+00:00,9270,45010,31252,128029,93096,317579
2024-01-11T14:00:00+00:00,9371,41137,29895,118815,89830,309972
2024-01-11T15:00:00+00:00,9244,42057,27870,111889,93857,329251
2024-01-11T16:00:00+00:00,13704,58099,34147,133587,87314,305914
2024-01-11T17:00:00+00:00,11126,45856,33750,136876,87722,306687
2024-01-11T18:00:00+00:00,11649,48877,37333,149758,90375,329391
2024-01-11T19:00:00+00:00,10920,49202,32478,135641,96000,332992
2024-01-11T20:00:00+00:00,7372,34308,31022,123566,89743,316137
2024-01-11T21:00:00+00:00,8963,37717,28801,98450,78637,262673
2024-01-11T22:00:00+00:00,8168,39017,26996,112012,66705,244076
2024-01-11T23:00:00+00:00,7327,33680,24318,96592,59213,205858
2024-01-12T00:00:00+00:00,8525,37418,27731,108439,63051,217661
2024-01-12T01:00:00+00:00,11196,48699,38384,147690,80083,280863
2024-01-12T02:00:00+00:00,11232,46796,36815,138772,81749,287333
2024-01-12T03:00:00+00:00,13429,50989,39962,146122,91969,311581
2024-01-12T04:00:00+00:00,10930,44444,37508,137682,90191,289603
2024-01-12T05:00:00+00:00,12496,47640,39067,135935,102577,341776
2024-01-12T06:00:00+00:00,12826,44495,32988,117147,95216,316886
2024-01-12T07:00:00+00:00,12556,51107,36452,140130,100692,346341
2024-01-12T08:00:00+00:00,8078,35828,34357,134840,97266,335484
2024-01-12T09:00:00+00:00,7844,33178,33325,123418,97904,325109
2024-01-12T10:00:00+00:00,9413,42042,32660,129626,90354,317205
2024-01-12T11:00:00+00:00,7978,36548,28010,114754,87755,304528
2024-01-12T12:00:00+00:00,9078,36809,33052,127510,86350,301516
2024-01-12T13:00:00+00:00,10123,43583,35196,135891,100977,332018
2024-01-12T14:00:00+00:00,10432,45942,38956,142568,98431,332703
2024-01-12T15:00:00+00:00,9561,38646,36017,135632,101899,352125
2024-01-12T16:00:00+00:00,9984,41417,30563,119676,87067,308864
2024-01-12T17:00:00+00:00,11416,43646,35192,125633,96749,314251
2024-01-12T18:00:00+00:00,12213,40760,39073,134512,94350,298418
2024-01-12T19:00:00+00:00,9992,38990,32972,119477,94086,313234
2024-01-12T20:00:00+00:00,11526,47685,31086,116177,85215,285283
2024-01-12T21:00:00+00:00,9079,34821,30808,111893,79407,266899
2024-01-12T22:00:00+00:00,6929,29653,23716,86655,66215,217991
2024-01-12T23:00:00+00:00,8896,33350,26723,91496,61052,191156
2024-01-13T00:00:00+00:00,8537,35858,28328,109216,65239,221291
2024-01-13T01:00:00+00:00,12839,48221,37992,129772,80601,259395
2024-01-13T02:00:00+00:00,10319,39183,38698,120162,84462,254600
2024-01-13T03:00:00+00:00,11636,41234,37719,122721,90779,284207
2024-01-13T04:00:00+00:00,11186,43359,37788,126107,105761,327912
2024-01-13T05:00:00+00:00,10600,40035,39829,140640,105358,321139
2024-01-13T06:00:00+00:00,10635,39040,34047,112791,108569,325303
2024-01-13T07:00:00+00:00,12016,48247,39783,148389,114293,356953
2024-01-13T08:00:00+00:00,10181,39267,41680,146197,115963,357330
2024-01-13T09:00:00+00:00,10424,36076,42683,151129,112581,345456
2024-01-13T10:00:00+00:00,12684,53594,43566,162868,117876,395210
2024-01-13T11:00:00+00:00,8390,34727,33100,124225,97378,312549
2024-01-13T12:00:00+00:00,8863,39346,30912,119604,89132,307216
2024-01-13T13:00:00+00:00,9603,44145,32659,123740,90972,302719
2024-01-13T14:00:00+00:00,7810,37248,32026,124521,90687,324963
2024-01-13T15:00:00+00:00,8679,40737,29000,114453,94838,326567
2024-01-13T16:00:00+00:00,9803,46110,29963,124694,76734,279737
2024-01-13T17:00:00+00:00,10182,43935,31907,118677,89951,301147
2024-01-13T18:00:00+00:00,9533,41002,31226,118936,88251,298656
2024-01-13T19:00:00+00:00,9710,42969,30893,111196,94429,307423
2024-01-13T20:00:00+00:00,9904,44248,30595,120740,86413,294900
2024-01-13T21:00:00+00:00,8535,36428,29501,108824,75701,253974
2024-01-13T22:00:00+00:00,7453,34242,25043,98281,65626,226391
2024-01-13T23:00:00+00:00,6951,28506,20928,77433,49289,155358
2024-01-14T00:00:00+00:00,8585,33917,28101,99773,67777,211188
2024-01-14T01:00:00+00:00,8152,34404,30223,108528,75234,229030
2024-01-14T02:00:00+00:00,8280,35819,35265,121614,78724,254828
2024-01-14T03:00:00+00:00,10229,39099,31925,116956,82355,269578
2024-01-14T04:00:00+00:00,10863,39471,37191,124096,98845,296875
2024-01-14T05:00:00+00:00,8748,34528,31105,106811,109033,335580
2024-01-14T06:00:00+00:00,9365,34902,29678,102949,103743,315350
2024-01-14T07:00:00+00:00,11297,41967,32126,107409,105979,318734
2024-01-14T08:00:00+00:00,11419,46020,35130,123080,101627,307306
2024-01-14T09:00:00+00:00,10183,41539,36839,132779,111738,360136
2024-01-14T10:00:00+00:00,9921,39429,36123,133499,103914,337696
2024-01-14T11:00:00+00:00,8598,39353,29102,112146,93628,319889
2024-01-14T12:00:00+00:00,7817,34626,28202,107177,82988,285048
2024-01-14T13:00:00+00:00,6898,32458,28124,107439,91572,291377
2024-01-14T14:00:00+00:00,10037,43288,32761,128473,82248,291557
2024-01-14T15:00:00+00:00,9273,40378,32581,126098,88563,313381
2024-01-14T16:00:00+00:00,9474,37877,31437,125445,77286,274147
2024-01-14T17:00:00+00:00,9025,38482,34781,132550,82114,279754
2024-01-14T18:00:00+00:00,9062,37463,33913,133010,89119,312386
2024-01-14T19:00:00+00:00,9699,37737,33287,122941,94196,309447
2024-01-14T20:00:00+00:00,11335,45719,34319,129199,91889,310814
2024-01-14T21:00:00+00:00,9477,36839,32890,109015,86366,274583
2024-01-14T22:00:00+00:00,8455,36694,28138,103205,67634,223862
2024-01-14T23:00:00+00:00,8566,34882,29517,112368,67299,224985
2024-01-15T00:00:00+00:00,10587,42924,35106,120271,82724,254732
2024-01-15T01:00:00+00:00,14246,47952,40474,131049,90878,274305
2024-01-15T02:00:00+00:00,12792,43603,45918,143672,105094,302299
2024-01-15T03:00:00+00:00,11541,42461,43715,137842,112603,331277
2024-01-15T04:00:00+00:00,13193,45651,44043,140127,127410,347902
2024-01-15T05:00:00+00:00,12482,43706,43743,136272,127550,358361
2024-01-15T06:00:00+00:00,12895,44408,41832,130551,130783,359840
2024-01-15T07:00:00+00:00,13924,50129,43727,142427,126441,362035
2024-01-15T08:00:00+00:00,12731,43221,49334,163736,133495,384092
2024-01-15T09:00:00+00:00,15059,57066,49740,175403,130343,393760
2024-01-15T10:00:00+00:00,11720,45530,43023,153134,119218,372466
2024-01-15T11:00:00+00:00,10326,39560,37313,129245,92646,289665
2024-01-15T12:00:00+00:00,12963,46504,39112,130533,93469,286556
2024-01-15T13:00:00+00:00,8752,35927,35615,129146,97703,307209
2024-01-15T14:00:00+00:00,10111,39553,38922,136866,88064,280208
2024-01-15T15:00:00+00:00,10763,44027,37398,135467,98213,318880
2024-01-15T16:00:00+00:00,10546,39755,36944,126615,102889,321022
2024-01-15T17:00:00+00:00,10356,38349,46190,157208,111762,339911
2024-01-15T18:00:00+00:00,11372,40797,44786,147869,114984,339049
2024-01-15T19:00:00+00:00,11794,41484,41881,129318,128765,361052
2024-01-15T20:00:00+00:00,13387,44118,50895,157808,128993,363346
2024-01-15T21:00:00+00:00,12838,44975,46133,145825,115692,323779
2024-01-15T22:00:00+00:00,10770,39941,43100,141498,104532,296916
2024-01-15T23:00:00+00:00,13273,48996,44973,147279,95310,277829
2024-01-16T00:00:00+00:00,13216,42757,47176,141021,111244,305411
2024-01-16T01:00:00+00:00,12897,41741,48309,150444,126097,352624
2024-01-16T02:00:00+00:00,13332,46151,53176,161696,122581,335817
2024-01-16T03:00:00+00:00,13456,46175,43681,135210,128376,345774
2024-01-16T04:00:00+00:00,14400,49997,46428,141699,124362,334336
2024-01-16T05:00:00+00:00,13811,45666,44299,139150,142536,381454
2024-01-16T06:00:00+00:00,14898,48498,46412,136755,144123,378208
2024-01-16T07:00:00+00:00,16577,54951,48150,148573,144117,388321
2024-01-16T08:00:00+00:00,15039,53229,58824,190945,154467,418462
2024-01-16T09:00:00+00:00,14220,50996,51142,168098,150691,417308
2024-01-16T10:00:00+00:00,13596,48647,44849,146265,125900,362863
2024-01-16T11:00:00+00:00,10760,40628,43036,149426,116396,363796
2024-01-16T12:00:00+00:00,11960,42965,35940,120526,93719,290854
2024-01-16T13:00:00+00:00,8426,35401,32500,115562,98028,300576
2024-01-16T14:00:00+00:00,9948,40139,36838,126750,94756,301635
2024-01-16T15:00:00+00:00,11125,42634,37525,136363,101434,328655
2024-01-16T16:00:00+00:00,10080,37129,36840,133944,103483,337039
2024-01-16T17:00:00+00:00,9222,35381,39217,138360,110429,344291
2024-01-16T18:00:00+00:00,10434,40817,43046,157241,105650,337939
2024-01-16T19:00:00+00:00,10245,37823,40781,143778,115606,357185
2024-01-16T20:00:00+00:00,9479,35076,40403,139357,113667,344284
2024-01-16T21:00:00+00:00,10399,38067,38466,121497,100448,295192
2024-01-16T22:00:00+00:00,9172,36603,33666,114710,83133,245564
2024-01-16T23:00:00+00:00,10104,38742,38371,130812,88763,263569
2024-01-17T00:00:00+00:00,10492,40446,42421,148372,101207,309893
2024-01-17T01:00:00+00:00,10518,38058,42336,136643,105778,300803
2024-01-17T02:00:00+00:00,11404,42342,44486,138100,110754,315698
2024-01-17T03:00:00+00:00,11904,42566,46250,146308,115858,331433
2024-01-17T04:00:00+00:00,13664,42712,48587,152248,126986,346422
2024-01-17T05:00:00+00:00,13152,44595,43290,131925,128023,347030
2024-01-17T06:00:00+00:00,12604,43916,44894,134768,129356,352725
2024-01-17T07:00:00+00:00,14705,47882,55455,164593,135004,372189
2024-01-17T08:00:00+00:00,15047,51514,45908,139146,135417,372344
2024-01-17T09:00:00+00:00,13242,46262,46849,150957,133122,380074
2024-01-17T10:00:00+00:00,12960,45023,48187,157574,127519,374468
2024-01-17T11:00:00+00:00,10903,40906,41889,140879,123407,361835
2024-01-17T12:00:00+00:00,11086,38944,39766,133378,103120,306414
2024-01-17T13:00:00+00:00,10431,41041,38706,126821,121426,358480
2024-01-17T14:00:00+00:00,13299,43929,41774,134084,107141,311449
2024-01-17T15:00:00+00:00,12432,48353,38594,136302,114881,352470
2024-01-17T16:00:00+00:00,12937,47518,40882,140410,116251,351903
2024-01-17T17:00:00+00:00,11784,41621,46516,152505,119828,346160
2024-01-17T18:00:00+00:00,10547,33942,38051,116035,96913,272331
2024-01-17T19:00:00+00:00,11028,37799,45169,137645,138284,385152
2024-01-17T20:00:00+00:00,15748,54299,51535,162316,133656,371319
2024-01-17T21:00:00+00:00,15043,48374,53140,165020,135287,369849
2024-01-17T22:00:00+00:00,15223,51275,48799,153180,117969,325091
2024-01-17T23:00:00+00:00,13889,45325,47175,144322,112653,299353
2024-01-18T00:00:00+00:00,15272,48557,53611,157202,117337,313353
2024-01-18T01:00:00+00:00,15009,47053,52327,146389,131343,342104
2024-01-18T02:00:00+00:00,14890,48107,53534,157048,149710,388318
2024-01-18T03:00:00+00:00,15760,52977,55254,165540,146219,381337
2024-01-18T04:00:00+00:00,15717,48953,54669,149886,159097,402010
2024-01-18T05:00:00+00:00,16564,52016,56164,161366,156423,392164
2024-01-18T06:00:00+00:00,16049,52099,50958,149390,164661,415316
2024-01-18T07:00:00+00:00,18007,54118,56833,160092,151220,383276
2024-01-18T08:00:00+00:00,18606,59358,59346,182208,160528,413950
2024-01-18T09:00:00+00:00,17513,51206,56291,167659,152648,404777
2024-01-18T10:00:00+00:00,15356,48482,50166,155960,141813,386059
2024-01-18T11:00:00+00:00,12895,47147,44550,147028,121921,351710
2024-01-18T12:00:00+00:00,12696,40520,36644,116438,110418,326175
2024-01-18T13:00:00+00:00,10101,41617,33298,114010,98937,302659
2024-01-18T14:00:00+00:00,10997,43594,37715,132864,96653,307400
2024-01-18T15:00:00+00:00,12354,43157,38023,123899,102101,310397
2024-01-18T16:00:00+00:00,10078,36998,35516,126757,106750,340049
2024-01-18T17:00:00+00:00,11977,44826,44879,152622,112535,342084
2024-01-18T18:00:00+00:00,13584,46507,46818,150047,117894,339133
2024-01-18T19:00:00+00:00,13518,46036,44178,140189,135598,380154
2024-01-18T20:00:00+00:00,13184,42344,43405,133250,118792,327900
2024-01-18T21:00:00+00:00,12927,42992,46485,144803,137073,375632
2024-01-18T22:00:00+00:00,16666,56422,50103,159897,107621,300914
2024-01-18T23:00:00+00:00,15872,51767,46074,145008,102698,288590
2024-01-19T00:00:00+00:00,14589,51696,48722,146504,117484,323782
2024-01-19T01:00:00+00:00,15818,48089,49876,146565,130719,353297
2024-01-19T02:00:00+00:00,16992,49269,51967,153407,128931,358728
2024-01-19T03:00:00+00:00,17740,53012,57895,174089,152604,397871
2024-01-19T04:00:00+00:00,18526,55745,53978,158257,144966,380671
2024-01-19T05:00:00+00:00,18268,55245,52137,148395,139819,367069
2024-01-19T06:00:00+00:00,19812,62501,52560,148367,151169,388706
2024-01-19T07:00:00+00:00,17799,58226,50532,143011,147037,369987
2024-01-19T08:00:00+00:00,18058,52905,52724,153915,147228,382964
2024-01-19T09:00:00+00:00,18775,59002,55862,172307,141677,380282
2024-01-19T10:00:00+00:00,15981,54980,46250,144134,126099,351715
2024-01-19T11:00:00+00:00,13471,49194,39486,136168,117619,359868
2024-01-19T12:00:00+00:00,11364,45909,35409,130729,99893,319865
2024-01-19T13:00:00+00:00,12594,43993,38744,131277,102600,316373
2024-01-19T14:00:00+00:00,12087,51343,38210,139209,90214,304533
2024-01-19T15:00:00+00:00,11685,49609,35250,131755,100288,343187
2024-01-19T16:00:00+00:00,11068,45487,37517,131446,103321,337913
2024-01-19T17:00:00+00:00,12602,50656,45563,160347,111303,341734
2024-01-19T18:00:00+00:00,13289,49694,46264,156505,112740,356288
2024-01-19T19:00:00+00:00,13118,49206,45202,141515,124472,374888
2024-01-19T20:00:00+00:00,11720,45143,45700,141146,113398,334022
2024-01-19T21:00:00+00:00,12403,47511,46641,153053,124657,371636
2024-01-19T22:00:00+00:00,10463,38234,42239,137665,94568,286696
2024-01-19T23:00:00+00:00,11509,36121,37423,112578,84435,247063
2024-01-20T00:00:00+00:00,14123,47094,46015,144865,97242,289357
2024-01-20T01:00:00+00:00,12598,50707,46282,147339,99486,296218
2024-01-20T02:00:00+00:00,12829,46560,48785,152163,109161,321015
2024-01-20T03:00:00+00:00,11815,48375,45798,150795,103663,314865
2024-01-20T04:00:00+00:00,12501,48091,48347,153140,118994,357151
2024-01-20T05:00:00+00:00,11187,44639,42397,142603,119429,373991
2024-01-20T06:00:00+00:00,10045,40608,40505,138318,117768,366237
2024-01-20T07:00:00+00:00,12139,50035,44326,151010,113890,356710
2024-01-20T08:00:00+00:00,11295,47910,43416,164676,113057,382375
2024-01-20T09:00:00+00:00,11451,46436,42150,153035,117317,393281
2024-01-20T10:00:00+00:00,10116,45120,38393,142186,105955,363184
2024-01-20T11:00:00+00:00,9953,43193,35758,144288,98673,340967
2024-01-20T12:00:00+00:00,11183,47085,35454,140632,88752,320447
2024-01-20T13:00:00+00:00,10382,45827,36394,141145,100215,343310
2024-01-20T14:00:00+00:00,9340,44244,38319,150056,95967,357230
2024-01-20T15:00:00+00:00,11678,51836,35494,140323,93277,342975
2024-01-20T16:00:00+00:00,9597,45577,33166,138406,95467,343355
2024-01-20T17:00:00+00:00,9992,44760,29719,122473,73062,264838
2024-01-20T18:00:00+00:00,9550,44944,34156,138991,83231,308188
2024-01-20T19:00:00+00:00,11423,47252,35991,142684,88562,324412
2024-01-20T20:00:00+00:00,10348,48347,35728,142150,90743,324063
2024-01-20T21:00:00+00:00,9188,40973,31007,126678,77548,286498
2024-01-20T22:00:00+00:00,7204,34139,27567,114205,63049,238643
2024-01-20T23:00:00+00:00,6365,31448,26442,108694,68503,238736
2024-01-21T00:00:00+00:00,8865,41130,31709,122244,65297,235021
2024-01-21T01:00:00+00:00,9205,43031,33403,131759,70847,234790
2024-01-21T02:00:00+00:00,10374,43309,40613,156412,82136,286162
2024-01-21T03:00:00+00:00,9920,48408,31091,129284,82806,304858
2024-01-21T04:00:00+00:00,9921,41300,29735,115717,79643,285586
2024-01-21T05:00:00+00:00,8886,41148,28379,126224,80840,313974
2024-01-21T06:00:00+00:00,7872,38461,23598,105853,72153,289042
2024-01-21T07:00:00+00:00,8599,39397,24075,114987,69775,292750
2024-01-21T08:00:00+00:00,7795,40701,26860,129684,65972,285787
2024-01-21T09:00:00+00:00,7299,38566,27771,132997,70923,305874
2024-01-21T10:00:00+00:00,7137,37851,23038,113331,65396,279851
2024-01-21T11:00:00+00:00,7141,35042,21159,101960,68125,277218
2024-01-21T12:00:00+00:00,5091,28025,20861,100523,64635,262137
2024-01-21T13:00:00+00:00,5968,31330,25155,103892,69867,263110
2024-01-21T14:00:00+00:00,9342,48738,25933,120236,68177,296633
2024-01-21T15:00:00+00:00,9138,49625,23728,123439,65698,293336
2024-01-21T16:00:00+00:00,10964,54034,23162,114917,57049,253970
2024-01-21T17:00:00+00:00,9850,53013,22820,113853,56552,241773
2024-01-21T18:00:00+00:00,8832,47987,23301,113344,57082,246590
2024-01-21T19:00:00+00:00,10228,50415,25539,118936,54680,238004
2024-01-21T20:00:00+00:00,8429,45761,27209,128536,66243,285758
2024-01-21T21:00:00+00:00,5988,31945,23069,110924,51108,225073
2024-01-21T22:00:00+00:00,5429,28063,19370,92409,40457,175752
2024-01-21T23:00:00+00:00,4318,23636,12673,67438,30984,134705
2024-01-22T00:00:00+00:00,4551,25001,16799,83483,38209,161059
2024-01-22T01:00:00+00:00,5506,27338,21837,103286,51203,211188
2024-01-22T02:00:00+00:00,8401,38561,22384,104728,46063,201466
2024-01-22T03:00:00+00:00,7852,35565,22200,105151,55325,220194
2024-01-22T04:00:00+00:00,10948,46000,27728,123631,71590,280065
2024-01-22T05:00:00+00:00,9596,44803,25170,118469,73034,292548
2024-01-22T06:00:00+00:00,8099,40331,23765,109979,72182,296639
2024-01-22T07:00:00+00:00,10058,49863,26464,122127,74598,295194
2024-01-22T08:00:00+00:00,7261,37024,21937,101920,62899,256785
2024-01-22T09:00:00+00:00,5411,28272,24219,104380,69775,271265
2024-01-22T10:00:00+00:00,5728,29211,25515,116214,61171,252855
2024-01-22T11:00:00+00:00,3618,18567,23028,97534,56232,214241
2024-01-22T12:00:00+00:00,6556,30535,22710,97358,58422,227728
2024-01-22T13:00:00+00:00,5124,24631,22729,93476,58859,219298
2024-01-22T14:00:00+00:00,8105,37706,24067,105060,52358,210157
2024-01-22T15:00:00+00:00,9738,46318,25260,113834,68706,274412
2024-01-22T16:00:00+00:00,9854,46521,25308,114039,58994,236357
2024-01-22T17:00:00+00:00,10786,46135,31519,133204,66459,255679
2024-01-22T18:00:00+00:00,10922,51143,30876,133593,70160,278212
2024-01-22T19:00:00+00:00,7894,38529,29022,125614,73945,294742
2024-01-22T20:00:00+00:00,10338,47622,29890,131674,63932,258354
2024-01-22T21:00:00+00:00,8825,42356,25695,108756,63326,250123
2024-01-22T22:00:00+00:00,7150,35671,23293,103287,54302,216668
2024-01-22T23:00:00+00:00,8050,39149,23744,100498,45409,179443
2024-01-23T00:00:00+00:00,8956,44842,26184,113728,55785,219329
2024-01-23T01:00:00+00:00,9201,43000,32760,137724,74286,273857
2024-01-23T02:00:00+00:00,11313,48987,35057,140253,73081,274318
2024-01-23T03:00:00+00:00,11718,49809,33808,137140,73033,267949
2024-01-23T04:00:00+00:00,11566,46023,33954,133517,93415,318850
2024-01-23T05:00:00+00:00,10641,40697,28923,112289,87863,307089
2024-01-23T06:00:00+00:00,10020,46447,28677,122363,83858,322896
2024-01-23T07:00:00+00:00,11375,54186,27658,121345,82289,317406
2024-01-23T08:00:00+00:00,9054,45286,31062,135771,70378,284467
2024-01-23T09:00:00+00:00,7885,41598,29171,134986,71152,290948
2024-01-23T10:00:00+00:00,6623,34804,26752,121995,68484,285308
2024-01-23T11:00:00+00:00,5717,30910,20923,97665,65722,272290
2024-01-23T12:00:00+00:00,9420,42889,24476,107435,57055,244805
2024-01-23T13:00:00+00:00,5897,31571,24552,109429,62832,262048
2024-01-23T14:00:00+00:00,7195,38712,26035,120001,63074,272089
2024-01-23T15:00:00+00:00,7987,40882,22305,107323,60867,276495
2024-01-23T16:00:00+00:00,5920,34761,17819,96742,40740,197863
2024-01-23T17:00:00+00:00,8271,40914,23702,115411,52249,229268
2024-01-23T18:00:00+00:00,7430,38253,23809,118452,49531,225659
2024-01-23T19:00:00+00:00,5474,28730,19037,95267,46066,211822
2024-01-23T20:00:00+00:00,8152,39920,18722,92984,41322,190005
2024-01-23T21:00:00+00:00,5959,32679,15162,80010,40855,186747
2024-01-23T22:00:00+00:00,5327,25413,13051,64145,37162,166634
2024-01-23T23:00:00+00:00,5008,25436,15616,73707,37406,157518
2024-01-24T00:00:00+00:00,8506,43964,20227,102608,40164,177443
2024-01-24T01:00:00+00:00,7868,37554,25130,115313,51572,205014
2024-01-24T02:00:00+00:00,10114,47591,26338,122597,46038,196724
2024-01-24T03:00:00+00:00,10300,46964,28435,122948,47943,196847
2024-01-24T04:00:00+00:00,11749,48733,26322,111749,69197,264277
2024-01-24T05:00:00+00:00,8568,40070,22962,108652,68862,275695
2024-01-24T06:00:00+00:00,8526,40664,22362,106852,65840,281457
2024-01-24T07:00:00+00:00,10309,50722,28611,130956,67466,282707
2024-01-24T08:00:00+00:00,9030,47144,23085,114349,54781,239972
2024-01-24T09:00:00+00:00,8300,40574,25094,109184,54727,228367
2024-01-24T10:00:00+00:00,8353,41341,19711,96362,48229,210572
2024-01-24T11:00:00+00:00,8103,36882,21108,87819,52157,201740
2024-01-24T12:00:00+00:00,9446,40800,21477,92793,49325,197801
2024-01-24T13:00:00+00:00,5340,26191,17811,79543,58095,214167
2024-01-24T14:00:00+00:00,8318,41693,22450,102476,51126,220647
2024-01-24T15:00:00+00:00,8362,39359,22397,105755,54543,228781
2024-01-24T16:00:00+00:00,9993,48939,22498,108856,53898,234793
2024-01-24T17:00:00+00:00,8787,45188,23049,112752,50453,209384
2024-01-24T18:00:00+00:00,8706,42539,25239,116247,55711,239121
2024-01-24T19:00:00+00:00,8072,38368,27503,117115,62934,247598
2024-01-24T20:00:00+00:00,9979,42997,25681,114368,59667,238449
2024-01-24T21:00:00+00:00,9168,43611,22521,99736,58426,231763
2024-01-24T22:00:00+00:00,8308,37555,19490,86823,44008,176606
2024-01-24T23:00:00+00:00,8160,36972,17722,79592,39425,151733
2024-01-25T00:00:00+00:00,7967,37324,26112,106906,51723,194265
2024-01-25T01:00:00+00:00,8409,39575,26264,106288,57398,210253
2024-01-25T02:00:00+00:00,10004,41576,30870,121224,65583,236298
2024-01-25T03:00:00+00:00,9943,43209,31797,121948,64597,230766
2024-01-25T04:00:00+00:00,9022,36752,27199,108554,74202,261132
2024-01-25T05:00:00+00:00,8358,39998,23751,98018,73202,278286
2024-01-25T06:00:00+00:00,9749,41781,21897,93981,72941,277242
2024-01-25T07:00:00+00:00,12519,59516,30155,134357,75843,309172
2024-01-25T08:00:00+00:00,11431,50390,25578,116560,63516,274018
2024-01-25T09:00:00+00:00,6765,36250,26859,128796,63974,280795
2024-01-25T10:00:00+00:00,6292,33133,24358,116941,57481,252980
2024-01-25T11:00:00+00:00,6863,34116,21871,104081,58271,249125
2024-01-25T12:00:00+00:00,5583,29819,20168,94657,48513,212185
2024-01-25T13:00:00+00:00,5633,31117,18210,86196,52112,217808
2024-01-25T14:00:00+00:00,6297,33416,17504,84602,46394,211642
2024-01-25T15:00:00+00:00,7674,40525,18009,92741,53815,247590
2024-01-25T16:00:00+00:00,8302,37867,18684,88541,47795,216366
2024-01-25T17:00:00+00:00,7455,32408,21836,91910,46809,188241
2024-01-25T18:00:00+00:00,9121,37137,25404,117005,49663,225304
2024-01-25T19:00:00+00:00,4333,24455,19573,100633,48021,224494
2024-01-25T20:00:00+00:00,7345,33301,21062,99228,48556,216741
2024-01-25T21:00:00+00:00,8314,41418,19207,97367,39880,188120
2024-01-25T22:00:00+00:00,4843,24010,12717,64516,27687,116590
2024-01-25T23:00:00+00:00,4965,24654,14408,69869,30383,133150
2024-01-26T00:00:00+00:00,5591,31090,12717,68919,24839,112067
2024-01-26T01:00:00+00:00,5875,29459,19004,93691,44885,188285
2024-01-26T02:00:00+00:00,6688,28464,16726,81020,34188,145378
2024-01-26T03:00:00+00:00,8444,42048,22911,107457,52283,205474
2024-01-26T04:00:00+00:00,10456,44442,24674,112253,59179,248354
2024-01-26T05:00:00+00:00,9612,45412,21001,99929,65392,257709
2024-01-26T06:00:00+00:00,8849,40096,24463,112609,72640,292444
2024-01-26T07:00:00+00:00,13037,59082,27346,122611,80116,313265
2024-01-26T08:00:00+00:00,12351,53143,26850,109823,71961,264874
2024-01-26T09:00:00+00:00,12637,56156,26282,111430,67107,258925
2024-01-26T10:00:00+00:00,11261,51116,25811,110921,64456,248276
2024-01-26T11:00:00+00:00,12248,56763,20822,94152,57094,226521
2024-01-26T12:00:00+00:00,10105,48790,22402,100706,53145,208032
2024-01-26T13:00:00+00:00,10357,49244,22011,96680,58158,214980
2024-01-26T14:00:00+00:00,9610,45047,26593,116274,62191,240192
2024-01-26T15:00:00+00:00,11224,51258,24761,112097,63806,252484
2024-01-26T16:00:00+00:00,11448,55588,25000,115761,59683,246281
2024-01-26T17:00:00+00:00,10470,49325,28628,126422,69969,261357
2024-01-26T18:00:00+00:00,11882,54709,32835,135248,67352,253248
2024-01-26T19:00:00+00:00,11758,53229,30741,129362,72914,276741
2024-01-26T20:00:00+00:00,15272,59143,35954,137143,75969,272028
2024-01-26T21:00:00+00:00,14210,61530,29928,124901,73661,267966
2024-01-26T22:00:00+00:00,9925,43303,22860,95962,58998,216299
2024-01-26T23:00:00+00:00,10041,44170,24544,94921,62945,218498
2024-01-27T00:00:00+00:00,12919,55741,30580,120025,57697,199976
2024-01-27T01:00:00+00:00,15335,63132,35838,131639,66799,230557
2024-01-27T02:00:00+00:00,17108,65990,42413,148987,86461,289113
2024-01-27T03:00:00+00:00,18056,69940,42843,157867,89122,299728
2024-01-27T04:00:00+00:00,18007,62100,41357,148245,94677,303935
2024-01-27T05:00:00+00:00,17166,59473,38653,134523,94555,293118
2024-01-27T06:00:00+00:00,15709,56817,35212,124310,95684,307350
2024-01-27T07:00:00+00:00,14698,63386,36941,137713,98549,308253
2024-01-27T08:00:00+00:00,15891,63424,45100,163636,109092,354502
2024-01-27T09:00:00+00:00,14147,59044,38342,150590,91929,322689
2024-01-27T10:00:00+00:00,11522,51935,35053,140775,91641,323291
2024-01-27T11:00:00+00:00,10527,45761,24827,103535,75093,280914
2024-01-27T12:00:00+00:00,11406,48241,29567,124877,71358,283036
2024-01-27T13:00:00+00:00,8134,40324,22629,100947,68096,263001
2024-01-27T14:00:00+00:00,11058,54428,24944,114121,60461,247972
2024-01-27T15:00:00+00:00,9849,44625,25994,113166,73001,279315
2024-01-27T16:00:00+00:00,9849,46683,21926,102010,56900,242133
2024-01-27T17:00:00+00:00,8795,41666,23194,104840,60401,233658
2024-01-27T18:00:00+00:00,9675,47219,27629,124010,61377,247603
2024-01-27T19:00:00+00:00,14730,62250,32769,140792,76013,294817
2024-01-27T20:00:00+00:00,10959,51644,29782,129660,70352,278891
2024-01-27T21:00:00+00:00,13197,63572,27368,122661,67607,267169
2024-01-27T22:00:00+00:00,10947,51803,27021,115052,63297,243762
2024-01-27T23:00:00+00:00,10888,48943,23874,98478,50909,191979
2024-01-28T00:00:00+00:00,10742,50999,27711,115365,51061,199587
2024-01-28T01:00:00+00:00,12619,58041,35389,148354,70048,250231
2024-01-28T02:00:00+00:00,14395,61923,37885,144235,74210,262211
2024-01-28T03:00:00+00:00,13312,60307,36479,144925,84712,314454
2024-01-28T04:00:00+00:00,16776,65105,38779,144739,83334,280685
2024-01-28T05:00:00+00:00,12636,55068,31937,131854,78468,285479
2024-01-28T06:00:00+00:00,13880,59237,31287,129745,83131,301409
2024-01-28T07:00:00+00:00,11086,56013,29205,129199,87362,318101
2024-01-28T08:00:00+00:00,16522,70729,37664,152119,92792,332043
2024-01-28T09:00:00+00:00,12065,56883,30506,129877,78755,300020
2024-01-28T10:00:00+00:00,11042,49157,29944,118660,75116,288179
2024-01-28T11:00:00+00:00,6965,34819,22194,94262,56323,224506
2024-01-28T12:00:00+00:00,7402,38647,23812,108011,59455,239502
2024-01-28T13:00:00+00:00,6154,30919,20191,88237,65033,245667
2024-01-28T14:00:00+00:00,7927,39753,23407,105212,53240,225583
2024-01-28T15:00:00+00:00,7199,35220,20503,96847,58925,246947
2024-01-28T16:00:00+00:00,8728,47477,19568,99263,51734,231700
2024-01-28T17:00:00+00:00,8724,44136,26850,126436,58786,244843
2024-01-28T18:00:00+00:00,6851,37960,26345,124131,57822,234858
2024-01-28T19:00:00+00:00,5824,29744,23738,107574,60937,250415
2024-01-28T20:00:00+00:00,8484,45811,22563,110379,55944,235600
2024-01-28T21:00:00+00:00,9324,51316,17974,93442,43829,199357
2024-01-28T22:00:00+00:00,9048,43507,16258,77557,31902,142082
2024-01-28T23:00:00+00:00,4732,25367,10650,54499,28510,114791
2024-01-29T00:00:00+00:00,6207,28295,16961,79024,32686,133339
2024-01-29T01:00:00+00:00,7630,40636,21479,97711,51020,209302
2024-01-29T02:00:00+00:00,11476,52145,27352,125174,47900,198190
2024-01-29T03:00:00+00:00,9686,43294,26915,116031,50737,204494
2024-01-29T04:00:00+00:00,9466,42390,21704,99386,55666,219688
2024-01-29T05:00:00+00:00,9168,43647,21545,98721,60234,243306
2024-01-29T06:00:00+00:00,5381,26948,15470,76937,52003,229398
2024-01-29T07:00:00+00:00,8856,47148,24068,114977,60889,262744
2024-01-29T08:00:00+00:00,9119,47079,22588,110215,53790,241638
2024-01-29T09:00:00+00:00,8448,40412,20503,95773,49688,216591
2024-01-29T10:00:00+00:00,9007,45141,21745,106304,49360,222873
2024-01-29T11:00:00+00:00,7533,39957,15447,78734,47790,204474
2024-01-29T12:00:00+00:00,8428,41808,23526,101991,46634,192101
2024-01-29T13:00:00+00:00,5150,26329,17623,82960,64528,239883
2024-01-29T14:00:00+00:00,8720,45349,20427,95803,56128,238793
2024-01-29T15:00:00+00:00,8514,43300,17089,86322,56228,237699
2024-01-29T16:00:00+00:00,6401,32894,15764,77599,41093,177110
2024-01-29T17:00:00+00:00,9176,49705,23632,110575,53404,213932
2024-01-29T18:00:00+00:00,5030,25603,17816,82029,43753,191171
2024-01-29T19:00:00+00:00,7384,37748,22909,105011,58162,244381
2024-01-29T20:00:00+00:00,10629,55712,23214,116533,48535,220165
2024-01-29T21:00:00+00:00,11304,52283,18752,87903,43441,186126
2024-01-29T22:00:00+00:00,5379,25243,13000,62240,29220,124088
2024-01-29T23:00:00+00:00,5595,27056,13846,65343,29072,118753
2024-01-30T00:00:00+00:00,7923,39264,15826,77642,36198,151901
2024-01-30T01:00:00+00:00,8297,36769,19239,83855,45442,173410
2024-01-30T02:00:00+00:00,10450,46797,25693,114093,49377,203539
2024-01-30T03:00:00+00:00,11703,51941,25692,113050,57309,227567
2024-01-30T04:00:00+00:00,14124,54808,29007,121848,69400,251394
2024-01-30T05:00:00+00:00,9161,42326,24572,117921,75414,304132
2024-01-30T06:00:00+00:00,10920,49164,24107,110340,68601,280495
2024-01-30T07:00:00+00:00,15717,74556,28612,133583,80170,315780
2024-01-30T08:00:00+00:00,13266,63625,28416,130768,73250,291820
2024-01-30T09:00:00+00:00,11889,56272,29637,136940,69908,282375
2024-01-30T10:00:00+00:00,11377,56718,25651,120080,66639,276972
2024-01-30T11:00:00+00:00,10577,52243,21775,105427,57334,236426
2024-01-30T12:00:00+00:00,10320,46994,26344,119364,58394,234241
2024-01-30T13:00:00+00:00,8435,41710,25623,110905,71334,256500
2024-01-30T14:00:00+00:00,11520,53916,30118,123954,68488,265336
2024-01-30T15:00:00+00:00,13666,54557,28017,118639,68879,265716
2024-01-30T16:00:00+00:00,10645,51630,24687,114266,59581,245654
2024-01-30T17:00:00+00:00,10953,50453,26281,115607,69670,268608
2024-01-30T18:00:00+00:00,9428,39887,23529,98262,63363,231857
2024-01-30T19:00:00+00:00,11405,49527,27941,116756,72588,271818
2024-01-30T20:00:00+00:00,12677,52912,27629,110896,72872,261248
2024-01-30T21:00:00+00:00,18048,71699,31580,120792,75102,268699
2024-01-30T22:00:00+00:00,13421,56165,27972,115750,60987,231257
2024-01-30T23:00:00+00:00,12247,49223,26263,101045,58493,199361
2024-01-31T00:00:00+00:00,14460,61488,29471,115311,58989,202650
2024-01-31T01:00:00+00:00,14897,61246,32902,125031,76647,255693
2024-01-31T02:00:00+00:00,15640,60443,41684,147823,84764,273736
2024-01-31T03:00:00+00:00,18535,65001,47601,151966,92221,289345
2024-01-31T04:00:00+00:00,18502,66004,38604,139944,95256,307650
2024-01-31T05:00:00+00:00,17015,59547,36985,140428,86755,300116
2024-01-31T06:00:00+00:00,18513,71378,37605,140853,94256,329077
2024-01-31T07:00:00+00:00,16347,67022,33744,134146,99422,343539
2024-01-31T08:00:00+00:00,15181,59838,39637,164217,94145,345543
2024-01-31T09:00:00+00:00,13300,55989,40575,158315,91499,329952
2024-01-31T10:00:00+00:00,12935,55541,33318,144538,79234,308806
2024-01-31T11:00:00+00:00,11674,56434,27784,125424,73858,294916
2024-01-31T12:00:00+00:00,7801,38733,26009,116976,66048,268760
2024-01-31T13:00:00+00:00,7210,37192,24224,102831,76262,281528
2024-01-31T14:00:00+00:00,10310,50309,26333,121152,66781,291004
2024-01-31T15:00:00+00:00,9789,47940,26164,120777,69441,288546
2024-01-31T16:00:00+00:00,9204,47782,21320,105394,51720,235413
2024-01-31T17:00:00+00:00,8389,44744,23668,114579,59918,257986
2024-01-31T18:00:00+00:00,7809,40150,19681,100637,51907,225349
2024-01-31T19:00:00+00:00,7481,38479,20345,102134,48814,215298
2024-01-31T20:00:00+00:00,10822,55426,25768,128828,55386,248352
2024-01-31T21:00:00+00:00,9634,46410,21396,103310,50492,214459
2024-01-31T22:00:00+00:00,7923,38190,18302,87547,41517,180388
2024-01-31T23:00:00+00:00,9841,47551,18676,88572,41073,172539
2024-02-01T00:00:00+00:00,null,null,null,null,null,null
